{"schemaVersion":35,"addons":[{"id":"formautofill@mozilla.org","syncGUID":"{22bfd632-ddf4-4cd4-a2dd-6cd1ffdf3a0e}","version":"1.0.1","type":"extension","loader":null,"updateURL":null,"installOrigins":null,"manifestVersion":2,"optionsURL":null,"optionsType":null,"optionsBrowserStyle":true,"aboutURL":null,"defaultLocale":{"name":"Form Autofill","creator":null,"developers":null,"translators":null,"contributors":null},"visible":true,"active":true,"userDisabled":false,"appDisabled":false,"embedderDisabled":false,"installDate":1721775628000,"updateDate":1721775628000,"applyBackgroundUpdates":1,"path":"/usr/lib/firefox-esr/browser/features/formautofill@mozilla.org.xpi","skinnable":false,"sourceURI":null,"releaseNotesURI":null,"softDisabled":false,"foreignInstall":false,"strictCompatibility":true,"locales":[],"targetApplications":[{"id":"toolkit@mozilla.org","minVersion":null,"maxVersion":null}],"targetPlatforms":[],"signedDate":null,"seen":true,"dependencies":[],"incognito":"spanning","userPermissions":{"permissions":[],"origins":[]},"optionalPermissions":{"permissions":[],"origins":[]},"icons":{},"iconURL":null,"blocklistState":0,"blocklistURL":null,"startupData":null,"hidden":true,"installTelemetryInfo":null,"recommendationState":null,"rootURI":"jar:file:///usr/lib/firefox-esr/browser/features/formautofill@mozilla.org.xpi!/","location":"app-system-defaults"},{"id":"pictureinpicture@mozilla.org","syncGUID":"{4fbd4fd3-6015-4988-bcd4-0231eb43db74}","version":"1.0.0","type":"extension","loader":null,"updateURL":null,"installOrigins":null,"manifestVersion":2,"optionsURL":null,"optionsType":null,"optionsBrowserStyle":true,"aboutURL":null,"defaultLocale":{"name":"Picture-In-Picture","description":"Fixes for web compatibility with Picture-in-Picture","creator":null,"developers":null,"translators":null,"contributors":null},"visible":true,"active":true,"userDisabled":false,"appDisabled":false,"embedderDisabled":false,"installDate":1721775628000,"updateDate":1721775628000,"applyBackgroundUpdates":1,"path":"/usr/lib/firefox-esr/browser/features/pictureinpicture@mozilla.org.xpi","skinnable":false,"sourceURI":null,"releaseNotesURI":null,"softDisabled":false,"foreignInstall":false,"strictCompatibility":true,"locales":[],"targetApplications":[{"id":"toolkit@mozilla.org","minVersion":"88.0a1","maxVersion":null}],"targetPlatforms":[],"signedDate":null,"seen":true,"dependencies":[],"incognito":"spanning","userPermissions":{"permissions":[],"origins":[]},"optionalPermissions":{"permissions":[],"origins":[]},"icons":{},"iconURL":null,"blocklistState":0,"blocklistURL":null,"startupData":null,"hidden":true,"installTelemetryInfo":null,"recommendationState":null,"rootURI":"jar:file:///usr/lib/firefox-esr/browser/features/pictureinpicture@mozilla.org.xpi!/","location":"app-system-defaults"},{"id":"screenshots@mozilla.org","syncGUID":"{e6ba73e1-6876-49b6-a518-addbe4a1e292}","version":"39.0.1","type":"extension","loader":null,"updateURL":null,"installOrigins":null,"manifestVersion":2,"optionsURL":null,"optionsType":null,"optionsBrowserStyle":true,"aboutURL":null,"defaultLocale":{"name":"Firefox Screenshots","description":"Take clips and screenshots from the Web and save them temporarily or permanently.","creator":"Mozilla <screenshots-feedback@mozilla.com>","homepageURL":"https://github.com/mozilla-services/screenshots","developers":null,"translators":null,"contributors":null},"visible":true,"active":true,"userDisabled":false,"appDisabled":false,"embedderDisabled":false,"installDate":1721775628000,"updateDate":1721775628000,"applyBackgroundUpdates":1,"path":"/usr/lib/firefox-esr/browser/features/screenshots@mozilla.org.xpi","skinnable":false,"sourceURI":null,"releaseNotesURI":null,"softDisabled":false,"foreignInstall":false,"strictCompatibility":true,"locales":[],"targetApplications":[{"id":"toolkit@mozilla.org","minVersion":"57.0a1","maxVersion":null}],"targetPlatforms":[],"signedDate":null,"seen":true,"dependencies":[],"incognito":"spanning","userPermissions":{"permissions":["activeTab","downloads","tabs","storage","notifications","clipboardWrite","contextMenus","mozillaAddons","telemetry"],"origins":["<all_urls>","https://screenshots.firefox.com/","resource://pdf.js/","about:reader*","https://screenshots.firefox.com/*"]},"optionalPermissions":{"permissions":[],"origins":[]},"icons":{},"iconURL":null,"blocklistState":0,"blocklistURL":null,"startupData":null,"hidden":true,"installTelemetryInfo":null,"recommendationState":null,"rootURI":"jar:file:///usr/lib/firefox-esr/browser/features/screenshots@mozilla.org.xpi!/","location":"app-system-defaults"},{"id":"webcompat-reporter@mozilla.org","syncGUID":"{3e62250b-a7d4-42d3-b990-674b82a45b0f}","version":"1.5.1","type":"extension","loader":null,"updateURL":null,"installOrigins":null,"manifestVersion":2,"optionsURL":null,"optionsType":null,"optionsBrowserStyle":true,"aboutURL":null,"defaultLocale":{"name":"WebCompat Reporter","description":"Report site compatibility issues on webcompat.com","creator":"Thomas Wisniewski <twisniewski@mozilla.com>","homepageURL":"https://github.com/mozilla/webcompat-reporter","developers":null,"translators":null,"contributors":null},"visible":true,"active":false,"userDisabled":true,"appDisabled":false,"embedderDisabled":false,"installDate":1721775628000,"updateDate":1721775628000,"applyBackgroundUpdates":1,"path":"/usr/lib/firefox-esr/browser/features/webcompat-reporter@mozilla.org.xpi","skinnable":false,"sourceURI":null,"releaseNotesURI":null,"softDisabled":false,"foreignInstall":false,"strictCompatibility":true,"locales":[],"targetApplications":[{"id":"toolkit@mozilla.org","minVersion":null,"maxVersion":null}],"targetPlatforms":[],"signedDate":null,"seen":true,"dependencies":[],"incognito":"spanning","userPermissions":{"permissions":["tabs"],"origins":["<all_urls>"]},"optionalPermissions":{"permissions":[],"origins":[]},"icons":{"16":"icons/lightbulb.svg","32":"icons/lightbulb.svg","48":"icons/lightbulb.svg","96":"icons/lightbulb.svg","128":"icons/lightbulb.svg"},"iconURL":null,"blocklistState":0,"blocklistURL":null,"startupData":null,"hidden":true,"installTelemetryInfo":null,"recommendationState":null,"rootURI":"jar:file:///usr/lib/firefox-esr/browser/features/webcompat-reporter@mozilla.org.xpi!/","location":"app-system-defaults"},{"id":"webcompat@mozilla.org","syncGUID":"{03ec14af-2d2b-4d1e-a353-8b0c7eb2d9ab}","version":"115.1.0","type":"extension","loader":null,"updateURL":null,"installOrigins":null,"manifestVersion":2,"optionsURL":null,"optionsType":null,"optionsBrowserStyle":true,"aboutURL":null,"defaultLocale":{"name":"Web Compatibility Interventions","description":"Urgent post-release fixes for web compatibility.","creator":null,"developers":null,"translators":null,"contributors":null},"visible":true,"active":true,"userDisabled":false,"appDisabled":false,"embedderDisabled":false,"installDate":1721775628000,"updateDate":1721775628000,"applyBackgroundUpdates":1,"path":"/usr/lib/firefox-esr/browser/features/webcompat@mozilla.org.xpi","skinnable":false,"sourceURI":null,"releaseNotesURI":null,"softDisabled":false,"foreignInstall":false,"strictCompatibility":true,"locales":[],"targetApplications":[{"id":"toolkit@mozilla.org","minVersion":"102.0","maxVersion":null}],"targetPlatforms":[],"signedDate":null,"seen":true,"dependencies":[],"incognito":"spanning","userPermissions":{"permissions":["mozillaAddons","tabs","webNavigation","webRequest","webRequestBlocking"],"origins":["<all_urls>"]},"optionalPermissions":{"permissions":[],"origins":[]},"icons":{},"iconURL":null,"blocklistState":0,"blocklistURL":null,"startupData":null,"hidden":true,"installTelemetryInfo":null,"recommendationState":null,"rootURI":"jar:file:///usr/lib/firefox-esr/browser/features/webcompat@mozilla.org.xpi!/","location":"app-system-defaults"},{"id":"default-theme@mozilla.org","syncGUID":"{5389764e-51cf-450b-8da6-9e8ad18c19c4}","version":"1.3","type":"theme","loader":null,"updateURL":null,"installOrigins":null,"manifestVersion":2,"optionsURL":null,"optionsType":null,"optionsBrowserStyle":true,"aboutURL":null,"defaultLocale":{"name":"System theme — auto","description":"Follow the operating system setting for buttons, menus, and windows.","creator":"Mozilla","developers":null,"translators":null,"contributors":null},"visible":true,"active":true,"userDisabled":false,"appDisabled":false,"embedderDisabled":false,"installDate":1733469614930,"applyBackgroundUpdates":1,"path":null,"skinnable":false,"sourceURI":null,"releaseNotesURI":null,"softDisabled":false,"foreignInstall":false,"strictCompatibility":true,"locales":[],"targetApplications":[{"id":"toolkit@mozilla.org","minVersion":null,"maxVersion":null}],"targetPlatforms":[],"signedDate":null,"seen":true,"dependencies":[],"userPermissions":null,"optionalPermissions":null,"icons":{"32":"icon.svg"},"iconURL":null,"blocklistState":0,"blocklistURL":null,"startupData":null,"hidden":false,"installTelemetryInfo":null,"recommendationState":null,"rootURI":"resource://default-theme/","location":"app-builtin"},{"id":"addons-search-detection@mozilla.com","syncGUID":"{741fdd9e-2776-4dc6-beef-3b1972ab032e}","version":"2.0.0","type":"extension","loader":null,"updateURL":null,"installOrigins":null,"manifestVersion":2,"optionsURL":null,"optionsType":null,"optionsBrowserStyle":true,"aboutURL":null,"defaultLocale":{"name":"Add-ons Search Detection","description":"","creator":null,"developers":null,"translators":null,"contributors":null},"visible":true,"active":true,"userDisabled":false,"appDisabled":false,"embedderDisabled":false,"installDate":1733469618433,"applyBackgroundUpdates":1,"path":null,"skinnable":false,"sourceURI":null,"releaseNotesURI":null,"softDisabled":false,"foreignInstall":false,"strictCompatibility":true,"locales":[],"targetApplications":[{"id":"toolkit@mozilla.org","minVersion":null,"maxVersion":null}],"targetPlatforms":[],"signedDate":null,"seen":true,"dependencies":[],"incognito":"spanning","userPermissions":{"permissions":["telemetry","webRequest","webRequestBlocking"],"origins":["<all_urls>"]},"optionalPermissions":{"permissions":[],"origins":[]},"icons":{},"iconURL":null,"blocklistState":0,"blocklistURL":null,"startupData":null,"hidden":true,"installTelemetryInfo":null,"recommendationState":null,"rootURI":"resource://builtin-addons/search-detection/","location":"app-builtin"},{"id":"google@search.mozilla.org","syncGUID":"{db0fa132-a65a-41f4-a367-bb98839e4a8f}","version":"1.4","type":"extension","loader":null,"updateURL":null,"installOrigins":null,"manifestVersion":2,"optionsURL":null,"optionsType":null,"optionsBrowserStyle":true,"aboutURL":null,"defaultLocale":{"name":"Google","description":"Google Search","creator":null,"developers":null,"translators":null,"contributors":null},"visible":true,"active":true,"userDisabled":false,"appDisabled":false,"embedderDisabled":false,"installDate":1733469619815,"applyBackgroundUpdates":1,"path":null,"skinnable":false,"sourceURI":null,"releaseNotesURI":null,"softDisabled":false,"foreignInstall":false,"strictCompatibility":true,"locales":[{"name":"Google","description":"Google Search","creator":null,"developers":null,"translators":null,"contributors":null,"locales":["en"]},{"name":"Google","description":"Google Search","creator":null,"developers":null,"translators":null,"contributors":null,"locales":["region-ru"]},{"name":"Google","description":"Google Search","creator":null,"developers":null,"translators":null,"contributors":null,"locales":["region-by"]},{"name":"Google","description":"Google Search","creator":null,"developers":null,"translators":null,"contributors":null,"locales":["region-tr"]},{"name":"Google","description":"Google Search","creator":null,"developers":null,"translators":null,"contributors":null,"locales":["region-kz"]}],"targetApplications":[{"id":"toolkit@mozilla.org","minVersion":null,"maxVersion":null}],"targetPlatforms":[],"signedDate":null,"seen":true,"dependencies":[],"incognito":"spanning","userPermissions":{"permissions":[],"origins":[]},"optionalPermissions":{"permissions":[],"origins":[]},"icons":{"16":"favicon.ico"},"iconURL":null,"blocklistState":0,"blocklistURL":null,"startupData":null,"hidden":true,"installTelemetryInfo":null,"recommendationState":null,"rootURI":"resource://search-extensions/google/","location":"app-builtin"},{"id":"wikipedia@search.mozilla.org","syncGUID":"{16edc305-e546-49d9-b892-c0c193bfaae0}","version":"1.3","type":"extension","loader":null,"updateURL":null,"installOrigins":null,"manifestVersion":2,"optionsURL":null,"optionsType":null,"optionsBrowserStyle":true,"aboutURL":null,"defaultLocale":{"name":"Wikipedia (en)","description":"Wikipedia, the Free Encyclopedia","creator":null,"developers":null,"translators":null,"contributors":null},"visible":true,"active":true,"userDisabled":false,"appDisabled":false,"embedderDisabled":false,"installDate":1733469620119,"applyBackgroundUpdates":1,"path":null,"skinnable":false,"sourceURI":null,"releaseNotesURI":null,"softDisabled":false,"foreignInstall":false,"strictCompatibility":true,"locales":[{"name":"Wikipedia (en)","description":"Wikipedia, the Free Encyclopedia","creator":null,"developers":null,"translators":null,"contributors":null,"locales":["en"]},{"name":"Wikipedija (hr)","description":"Wikipedija, slobodna enciklopedija","creator":null,"developers":null,"translators":null,"contributors":null,"locales":["hr"]},{"name":"Wikipedia (fi)","description":"Wikipedia (fi), vapaa tietosanakirja","creator":null,"developers":null,"translators":null,"contributors":null,"locales":["fi"]},{"name":"Wikipedia (hy)","description":"Վիքիփեդիա՝ ազատ հանրագիտարան","creator":null,"developers":null,"translators":null,"contributors":null,"locales":["hy"]},{"name":"Уикипедия (kk)","description":"Уикипедия (kk)","creator":null,"developers":null,"translators":null,"contributors":null,"locales":["kk"]},{"name":"Wikipedia (el)","description":"Βικιπαίδεια, η ελεύθερη εγκυκλοπαίδεια","creator":null,"developers":null,"translators":null,"contributors":null,"locales":["el"]},{"name":"Вікіпедыя (be)","description":"Вікіпедыя, свабодная энцыклапедыя","creator":null,"developers":null,"translators":null,"contributors":null,"locales":["be"]},{"name":"Wikipedia (es)","description":"Wikipedia, la enciclopedia libre","creator":null,"developers":null,"translators":null,"contributors":null,"locales":["es"]},{"name":"위키백과 (ko)","description":"Wikipedia, the free encyclopedia","creator":null,"developers":null,"translators":null,"contributors":null,"locales":["kr"]},{"name":"Wikipedia (ro)","description":"Wikipedia, enciclopedia liberă","creator":null,"developers":null,"translators":null,"contributors":null,"locales":["ro"]},{"name":"ויקיפדיה","description":"ויקיפדיה","creator":null,"developers":null,"translators":null,"contributors":null,"locales":["he"]},{"name":"Wikipedia (bs)","description":"Slobodna enciklopedija","creator":null,"developers":null,"translators":null,"contributors":null,"locales":["bs"]},{"name":"Wikipedia (pt)","description":"Wikipédia, a enciclopédia livre","creator":null,"developers":null,"translators":null,"contributors":null,"locales":["pt"]},{"name":"Vikipetã (gn)","description":"Vikipetã, opaite tembikuaa hekosãsóva renda","creator":null,"developers":null,"translators":null,"contributors":null,"locales":["gn"]},{"name":"Wikipedia (da)","description":"Wikipedia, den frie encyklopædi","creator":null,"developers":null,"translators":null,"contributors":null,"locales":["da"]},{"name":"વિકિપીડિયા (gu)","description":"વીકીપીડિયા, મુક્ત એનસાયક્લોપીડિયા","creator":null,"developers":null,"translators":null,"contributors":null,"locales":["gu"]},{"name":"Wikipedia (tr)","description":"Vikipedi, özgür ansiklopedi","creator":null,"developers":null,"translators":null,"contributors":null,"locales":["tr"]},{"name":"Wikipedija (hsb)","description":"Wikipedija, swobodna encyklopedija","creator":null,"developers":null,"translators":null,"contributors":null,"locales":["hsb"]},{"name":"Wikipedy (fy)","description":"De fergese ensyklopedy","creator":null,"developers":null,"translators":null,"contributors":null,"locales":["fy-NL"]},{"name":"विकिपीडिया (ne)","description":"विकिपिडिया एक स्वतन्त्र विश्वकोष","creator":null,"developers":null,"translators":null,"contributors":null,"locales":["ne"]},{"name":"Wikipedia (nl)","description":"De vrije encyclopedie","creator":null,"developers":null,"translators":null,"contributors":null,"locales":["nl"]},{"name":"Wikipedia (ja)","description":"Wikipedia - フリー百科事典","creator":null,"developers":null,"translators":null,"contributors":null,"locales":["ja"]},{"name":"Vikipeedia (et)","description":"Vikipeedia, vaba entsüklopeedia","creator":null,"developers":null,"translators":null,"contributors":null,"locales":["et"]},{"name":"Wikipèdia (oc)","description":"Wikipèdia, l'enciclopèdia liura","creator":null,"developers":null,"translators":null,"contributors":null,"locales":["oc"]},{"name":"Wicipedia (cy)","description":"Wicipedia, Y Gwyddioniadur Rhydd","creator":null,"developers":null,"translators":null,"contributors":null,"locales":["cy"]},{"name":"వికీపీడియా (te)","description":"వికీపీడియా (te)","creator":null,"developers":null,"translators":null,"contributors":null,"locales":["te"]},{"name":"Wikipédia (fr)","description":"Wikipédia, l'encyclopédie libre","creator":null,"developers":null,"translators":null,"contributors":null,"locales":["fr"]},{"name":"Wikipedia (tl)","description":"Wikipedia, ang malayang ensiklopedya","creator":null,"developers":null,"translators":null,"contributors":null,"locales":["tl"]},{"name":"维基百科","description":"维基百科，自由的百科全书","creator":null,"developers":null,"translators":null,"contributors":null,"locales":["zh-CN"]},{"name":"Wikipedia (lij)","description":"Wikipedia, l'enciclopedia libera","creator":null,"developers":null,"translators":null,"contributors":null,"locales":["lij"]},{"name":"វីគីភីឌា (km)","description":"វីគីភីឌា សព្វ​វចនា​ធិប្បាយ​សេរី","creator":null,"developers":null,"translators":null,"contributors":null,"locales":["km"]},{"name":"Уикипедия (bg)","description":"Уикипедия, свободната енциклоподия","creator":null,"developers":null,"translators":null,"contributors":null,"locales":["bg"]},{"name":"Wikipedia (id)","description":"Wikipedia, ensiklopedia bebas","creator":null,"developers":null,"translators":null,"contributors":null,"locales":["id"]},{"name":"Wikipedia (pa)","description":"ਵਿਕਿਪੀਡਿਆ, ਮੁਫ਼ਤ/ਮੁਕਤ ਸ਼ਬਦਕੋਸ਼","creator":null,"developers":null,"translators":null,"contributors":null,"locales":["pa"]},{"name":"উইকিপিডিয়া (bn)","description":"উইকিপিডিয়া, মুক্ত বিশ্বকোষ","creator":null,"developers":null,"translators":null,"contributors":null,"locales":["bn"]},{"name":"Wikipedia (eu)","description":"Wikipedia, entziklopedia askea","creator":null,"developers":null,"translators":null,"contributors":null,"locales":["eu"]},{"name":"Wikipedie (cs)","description":"Wikipedia, svobodná encyclopedie","creator":null,"developers":null,"translators":null,"contributors":null,"locales":["cz"]},{"name":"Wikipédia (hu)","description":"Wikipedia, a szabad enciklopédia","creator":null,"developers":null,"translators":null,"contributors":null,"locales":["hu"]},{"name":"Wikipedia (kn)","description":"Wikipedia, the free encyclopedia","creator":null,"developers":null,"translators":null,"contributors":null,"locales":["kn"]},{"name":"Wikipedia (is)","description":"Wikipedia, the free encyclopedia","creator":null,"developers":null,"translators":null,"contributors":null,"locales":["is"]},{"name":"Вікіпедія (uk)","description":"Вікіпедія, вільна енциклопедія","creator":null,"developers":null,"translators":null,"contributors":null,"locales":["uk"]},{"name":"Wikipedia (kab)","description":"Wikipedia, tasanayt tilellit","creator":null,"developers":null,"translators":null,"contributors":null,"locales":["kab"]},{"name":"Wikipedia (zh)","description":"維基百科，自由的百科全書","creator":null,"developers":null,"translators":null,"contributors":null,"locales":["zh-TW"]},{"name":"Vikipedio (eo)","description":"Vikipedio, la libera enciklopedio","creator":null,"developers":null,"translators":null,"contributors":null,"locales":["eo"]},{"name":"ویکیپیڈیا (ur)","description":"ویکیپیڈیا آزاد دائرۃ المعارف","creator":null,"developers":null,"translators":null,"contributors":null,"locales":["ur"]},{"name":"Wikipedia (si)","description":"Wikipedia, the free encyclopedia","creator":null,"developers":null,"translators":null,"contributors":null,"locales":["si"]},{"name":"ويكيبيديا (ar)","description":"ويكيبيديا (ar)","creator":null,"developers":null,"translators":null,"contributors":null,"locales":["ar"]},{"name":"Wikipedia (vi)","description":"Wikipedia, bách khoa toàn thư mở","creator":null,"developers":null,"translators":null,"contributors":null,"locales":["vi"]},{"name":"ვიკიპედია (ka)","description":"ვიკიპედია, თავისუფალი ენციკლოპედია","creator":null,"developers":null,"translators":null,"contributors":null,"locales":["ka"]},{"name":"Uicipeid (gd)","description":"Wikipedia, An leabhar mòr-eòlais","creator":null,"developers":null,"translators":null,"contributors":null,"locales":["gd"]},{"name":"Wikipedia (it)","description":"Wikipedia, l'enciclopedia libera","creator":null,"developers":null,"translators":null,"contributors":null,"locales":["it"]},{"name":"Vikipediya (uz)","description":"Vikipediya, ochiq ensiklopediya","creator":null,"developers":null,"translators":null,"contributors":null,"locales":["uz"]},{"name":"Wikipedia (lt)","description":"Vikipedija, laisvoji enciklopedija","creator":null,"developers":null,"translators":null,"contributors":null,"locales":["lt"]},{"name":"Wikipedia (sq)","description":"Wikipedia, enciklopedia e lirë","creator":null,"developers":null,"translators":null,"contributors":null,"locales":["sq"]},{"name":"Vicipéid (ga)","description":"Vicipéid, an Chiclipéid Shaor","creator":null,"developers":null,"translators":null,"contributors":null,"locales":["ga-IE"]},{"name":"विकिपीडिया (hi)","description":"विकिपीडिया (हिन्दी)","creator":null,"developers":null,"translators":null,"contributors":null,"locales":["hi"]},{"name":"Vikipedeja (ltg)","description":"Vikipēdija, breivuo eņciklopedeja","creator":null,"developers":null,"translators":null,"contributors":null,"locales":["ltg"]},{"name":"விக்கிப்பீடியா (ta)","description":"விக்கிப்பீடியா (ta)","creator":null,"developers":null,"translators":null,"contributors":null,"locales":["ta"]},{"name":"Vikipediya (az)","description":"Vikipediya, açıq ensiklopediya","creator":null,"developers":null,"translators":null,"contributors":null,"locales":["az"]},{"name":"Википедија (mk)","description":"Википедија, слободната енциклопедија","creator":null,"developers":null,"translators":null,"contributors":null,"locales":["mk"]},{"name":"วิกิพีเดีย","description":"วิกิพีเดีย สารานุกรมเสรี","creator":null,"developers":null,"translators":null,"contributors":null,"locales":["th"]},{"name":"Wikipedia (de)","description":"Wikipedia, die freie Enzyklopädie","creator":null,"developers":null,"translators":null,"contributors":null,"locales":["de"]},{"name":"Wikipedija (dsb)","description":"Wikipedija, lichotna encyklopedija","creator":null,"developers":null,"translators":null,"contributors":null,"locales":["dsb"]},{"name":"विकिपीडिया (mr)","description":"विकिपीडिया, मोफत माहितीकोष","creator":null,"developers":null,"translators":null,"contributors":null,"locales":["mr"]},{"name":"Wikipedia (ast)","description":"La enciclopedia llibre","creator":null,"developers":null,"translators":null,"contributors":null,"locales":["ast"]},{"name":"Wikipedia (my)","description":"အခမဲ့လွတ်လပ်စွယ်စုံကျမ်း","creator":null,"developers":null,"translators":null,"contributors":null,"locales":["my"]},{"name":"Wikipedia (rm)","description":"Vichipedia, l'enciclopedia libra","creator":null,"developers":null,"translators":null,"contributors":null,"locales":["rm"]},{"name":"Wikipedia (nn)","description":"Wikipedia, det frie oppslagsverket","creator":null,"developers":null,"translators":null,"contributors":null,"locales":["NN"]},{"name":"Wikipedia (wo)","description":"Wikipedia, Jimbulang bu Ubbeeku bi","creator":null,"developers":null,"translators":null,"contributors":null,"locales":["wo"]},{"name":"Wikipedia (gl)","description":"Wikipedia, a enciclopedia libre","creator":null,"developers":null,"translators":null,"contributors":null,"locales":["gl"]},{"name":"Viquipèdia (ca)","description":"L'enciclopèdia lliure","creator":null,"developers":null,"translators":null,"contributors":null,"locales":["ca"]},{"name":"Wikipédia (sk)","description":"Wikipédia, slobodná a otvorená encyklopédia","creator":null,"developers":null,"translators":null,"contributors":null,"locales":["sk"]},{"name":"Википедија (sr)","description":"Претрага Википедије на српском језику","creator":null,"developers":null,"translators":null,"contributors":null,"locales":["sr"]},{"name":"Wikipedia (af)","description":"Wikipedia, die vrye ensiklopedie","creator":null,"developers":null,"translators":null,"contributors":null,"locales":["af"]},{"name":"ویکی‌پدیا (fa)","description":"ویکی‌پدیا، دانشنامهٔ آزاد","creator":null,"developers":null,"translators":null,"contributors":null,"locales":["fa"]},{"name":"Wikipedia (ms)","description":"Wikipedia, ensiklopedia bebas","creator":null,"developers":null,"translators":null,"contributors":null,"locales":["ms"]},{"name":"Wikipedia (ia)","description":"Wikipedia, le encyclopedia libere","creator":null,"developers":null,"translators":null,"contributors":null,"locales":["ia"]},{"name":"Wikipedia (no)","description":"Wikipedia, den frie encyklopedi","creator":null,"developers":null,"translators":null,"contributors":null,"locales":["NO"]},{"name":"Википедия (ru)","description":"Википедия, свободная энциклопедия","creator":null,"developers":null,"translators":null,"contributors":null,"locales":["ru"]},{"name":"Wikipedia (br)","description":"Wikipedia, an holloueziadur digor","creator":null,"developers":null,"translators":null,"contributors":null,"locales":["br"]},{"name":"Wikipedia (pl)","description":"Wikipedia, wolna encyklopedia","creator":null,"developers":null,"translators":null,"contributors":null,"locales":["pl"]},{"name":"Вікіпэдыя (be-tarask)","description":"Вікіпэдыя, вольная энцыкляпэдыя","creator":null,"developers":null,"translators":null,"contributors":null,"locales":["be-tarask"]},{"name":"Wikipedia (sv)","description":"Wikipedia, den fria encyklopedin","creator":null,"developers":null,"translators":null,"contributors":null,"locales":["sv-SE"]},{"name":"ວິກິພີເດຍ (lo)","description":"ວິກິພີເດຍ, ສາລານຸກົມເສລີ","creator":null,"developers":null,"translators":null,"contributors":null,"locales":["lo"]},{"name":"Wikipedija (sl)","description":"Wikipedija, prosta enciklopedija","creator":null,"developers":null,"translators":null,"contributors":null,"locales":["sl"]},{"name":"Vikipēdija","description":"Vikipēdija, brīvā enciklopēdija","creator":null,"developers":null,"translators":null,"contributors":null,"locales":["lv"]},{"name":"Biquipedia (an)","description":"A enciclopedia Libre","creator":null,"developers":null,"translators":null,"contributors":null,"locales":["an"]}],"targetApplications":[{"id":"toolkit@mozilla.org","minVersion":null,"maxVersion":null}],"targetPlatforms":[],"signedDate":null,"seen":true,"dependencies":[],"incognito":"spanning","userPermissions":{"permissions":[],"origins":[]},"optionalPermissions":{"permissions":[],"origins":[]},"icons":{"16":"favicon.ico"},"iconURL":null,"blocklistState":0,"blocklistURL":null,"startupData":null,"hidden":true,"installTelemetryInfo":null,"recommendationState":null,"rootURI":"resource://search-extensions/wikipedia/","location":"app-builtin"},{"id":"bing@search.mozilla.org","syncGUID":"{ca4663d5-bc12-432b-af4d-62e541de126a}","version":"1.5","type":"extension","loader":null,"updateURL":null,"installOrigins":null,"manifestVersion":2,"optionsURL":null,"optionsType":null,"optionsBrowserStyle":true,"aboutURL":null,"defaultLocale":{"name":"Bing","description":"Microsoft Bing","creator":null,"developers":null,"translators":null,"contributors":null},"visible":true,"active":true,"userDisabled":false,"appDisabled":false,"embedderDisabled":false,"installDate":1733469620206,"applyBackgroundUpdates":1,"path":null,"skinnable":false,"sourceURI":null,"releaseNotesURI":null,"softDisabled":false,"foreignInstall":false,"strictCompatibility":true,"locales":[],"targetApplications":[{"id":"toolkit@mozilla.org","minVersion":null,"maxVersion":null}],"targetPlatforms":[],"signedDate":null,"seen":true,"dependencies":[],"incognito":"spanning","userPermissions":{"permissions":[],"origins":[]},"optionalPermissions":{"permissions":[],"origins":[]},"icons":{"16":"favicon.ico"},"iconURL":null,"blocklistState":0,"blocklistURL":null,"startupData":null,"hidden":true,"installTelemetryInfo":null,"recommendationState":null,"rootURI":"resource://search-extensions/bing/","location":"app-builtin"},{"id":"ddg@search.mozilla.org","syncGUID":"{6ce75f1c-93dc-43c0-9f48-e86e2a9ce3f5}","version":"1.4","type":"extension","loader":null,"updateURL":null,"installOrigins":null,"manifestVersion":2,"optionsURL":null,"optionsType":null,"optionsBrowserStyle":true,"aboutURL":null,"defaultLocale":{"name":"DuckDuckGo","description":"Search DuckDuckGo","creator":null,"developers":null,"translators":null,"contributors":null},"visible":true,"active":true,"userDisabled":false,"appDisabled":false,"embedderDisabled":false,"installDate":1733469620277,"applyBackgroundUpdates":1,"path":null,"skinnable":false,"sourceURI":null,"releaseNotesURI":null,"softDisabled":false,"foreignInstall":false,"strictCompatibility":true,"locales":[],"targetApplications":[{"id":"toolkit@mozilla.org","minVersion":null,"maxVersion":null}],"targetPlatforms":[],"signedDate":null,"seen":true,"dependencies":[],"incognito":"spanning","userPermissions":{"permissions":[],"origins":[]},"optionalPermissions":{"permissions":[],"origins":[]},"icons":{"16":"favicon.ico"},"iconURL":null,"blocklistState":0,"blocklistURL":null,"startupData":null,"hidden":true,"installTelemetryInfo":null,"recommendationState":null,"rootURI":"resource://search-extensions/ddg/","location":"app-builtin"},{"id":"firefox-compact-light@mozilla.org","syncGUID":"{13c11f4b-30a1-4c99-b485-3f9a19a394d8}","version":"1.2","type":"theme","loader":null,"updateURL":null,"installOrigins":null,"manifestVersion":2,"optionsURL":null,"optionsType":null,"optionsBrowserStyle":true,"aboutURL":null,"defaultLocale":{"name":"Light","description":"A theme with a light color scheme.","creator":"Mozilla","developers":null,"translators":null,"contributors":null},"visible":true,"active":false,"userDisabled":true,"appDisabled":false,"embedderDisabled":false,"installDate":1733469620835,"applyBackgroundUpdates":1,"path":null,"skinnable":false,"sourceURI":null,"releaseNotesURI":null,"softDisabled":false,"foreignInstall":false,"strictCompatibility":true,"locales":[],"targetApplications":[{"id":"toolkit@mozilla.org","minVersion":null,"maxVersion":null}],"targetPlatforms":[],"signedDate":null,"seen":true,"dependencies":[],"userPermissions":null,"optionalPermissions":null,"icons":{"32":"icon.svg"},"iconURL":null,"blocklistState":0,"blocklistURL":null,"startupData":null,"hidden":false,"installTelemetryInfo":null,"recommendationState":null,"rootURI":"resource://builtin-themes/light/","location":"app-builtin"},{"id":"firefox-compact-dark@mozilla.org","syncGUID":"{00087972-ed05-4537-b3f4-89e78f959b96}","version":"1.2","type":"theme","loader":null,"updateURL":null,"installOrigins":null,"manifestVersion":2,"optionsURL":null,"optionsType":null,"optionsBrowserStyle":true,"aboutURL":null,"defaultLocale":{"name":"Dark","description":"A theme with a dark color scheme.","creator":"Mozilla","developers":null,"translators":null,"contributors":null},"visible":true,"active":false,"userDisabled":true,"appDisabled":false,"embedderDisabled":false,"installDate":1733469620837,"applyBackgroundUpdates":1,"path":null,"skinnable":false,"sourceURI":null,"releaseNotesURI":null,"softDisabled":false,"foreignInstall":false,"strictCompatibility":true,"locales":[],"targetApplications":[{"id":"toolkit@mozilla.org","minVersion":null,"maxVersion":null}],"targetPlatforms":[],"signedDate":null,"seen":true,"dependencies":[],"userPermissions":null,"optionalPermissions":null,"icons":{"32":"icon.svg"},"iconURL":null,"blocklistState":0,"blocklistURL":null,"startupData":null,"hidden":false,"installTelemetryInfo":null,"recommendationState":null,"rootURI":"resource://builtin-themes/dark/","location":"app-builtin"},{"id":"firefox-alpenglow@mozilla.org","syncGUID":"{caad6097-53fa-4a1f-b0c6-cfe6cff1744b}","version":"1.4","type":"theme","loader":null,"updateURL":null,"installOrigins":null,"manifestVersion":2,"optionsURL":null,"optionsType":null,"optionsBrowserStyle":true,"aboutURL":null,"defaultLocale":{"name":"Firefox Alpenglow","description":"Use a colorful appearance for buttons, menus, and windows.","creator":null,"developers":null,"translators":null,"contributors":null},"visible":true,"active":false,"userDisabled":true,"appDisabled":false,"embedderDisabled":false,"installDate":1733469620839,"applyBackgroundUpdates":1,"path":null,"skinnable":false,"sourceURI":null,"releaseNotesURI":null,"softDisabled":false,"foreignInstall":false,"strictCompatibility":true,"locales":[],"targetApplications":[{"id":"toolkit@mozilla.org","minVersion":null,"maxVersion":null}],"targetPlatforms":[],"signedDate":null,"seen":true,"dependencies":[],"userPermissions":null,"optionalPermissions":null,"icons":{"32":"icon.svg"},"iconURL":null,"blocklistState":0,"blocklistURL":null,"startupData":null,"hidden":false,"installTelemetryInfo":null,"recommendationState":null,"rootURI":"resource://builtin-themes/alpenglow/","location":"app-builtin"}]}